[
    {
      "name": ["Milan Sojitra", false],
      "position": "React-JS Developer",
      "date": "Apr 26, 2022",
      "progress": 1,
      "id":2,
      "email":"milan@hexascal.com"

    },
    {
      "name": ["Avani Savaliya", true],
      "position": "HR",
      "date": "Jul 20, 2022",
      "progress": 2,
      "id":3,
      "email":"milan@hexascal.com"
    },
    {
      "name": ["Jenish Mandani", true],
      "position": "React-JS Developer",
      "date": "Sep 30, 2022",
      "progress": 2,
      "id":4,
      "email":"milan@hexascal.com"
    },
    {
      "name": ["Satish Kalathiya", true],
      "position": "React Native Developer",
      "date": "Oct 24, 2022",
      "progress": 1,
      "id":5,
      "email":"milan@hexascal.com"
    },
    {
      "name": ["Amar  Prajapati", false],
      "position": "React Native Developer",
      "date": "Nov 29, 2022",
      "progress": 6,
      "id":6,
      "email":"milan@hexascal.com"
    }
  ]
  