[
  {
    "name": ["Milan Sojitra", false],
    "position": "ReactJS Developer",
    "date": "Apr 26, 2022",
    "progress": 1
  },
  {
    "name": ["Avani Savaliya", true],
    "position": "HR",
    "date": "Jul 20, 2022",
    "progress": 2
  },
  {
    "name": ["Jenish Mandani", true],
    "position": "ReactJS Developer",
    "date": "Sep 30, 2022",
    "progress": 2
  },
  {
    "name": ["Satish Kalathiya", true],
    "position": "React Native Developer",
    "date": "Oct 24, 2022",
    "progress": 1
  },
  {
    "name": ["Amar  Prajapati", false],
    "position": "React Native Developer",
    "date": "Nov 29, 2022",
    "progress": 3
  }
]
